cfg,offset_in,entry,shot,down,leave
stock,0.00,0,0,7,522
stock,0.00,0,1,7,896
stock,0.00,0,2,9,64
stock,0.00,0,3,8,72
stock,0.00,1,0,6,736
stock,0.00,1,1,7,552
stock,0.00,1,2,7,672
stock,0.00,1,3,8,544
stock,0.00,2,0,7,672
stock,0.00,2,1,10,0
stock,0.00,2,2,7,672
stock,0.00,2,3,8,640
stock,0.00,3,0,7,548
stock,0.00,3,1,9,4
stock,0.00,3,2,7,672
stock,0.00,3,3,8,544
stock,0.00,4,0,7,672
stock,0.00,4,1,7,548
stock,0.00,4,2,10,0
stock,0.00,4,3,10,0
stock,0.00,5,0,9,128
stock,0.00,5,1,8,640
stock,0.00,5,2,7,672
stock,0.00,5,3,7,548
stock,0.00,6,0,7,800
stock,0.00,6,1,8,516
stock,0.00,6,2,9,4
stock,0.00,6,3,9,4
stock,0.00,7,0,7,548
stock,0.00,7,1,6,676
stock,0.00,7,2,8,36
stock,0.00,7,3,8,544
stock,0.00,8,0,7,548
stock,0.00,8,1,7,548
stock,0.00,8,2,6,676
stock,0.00,8,3,6,676
stock,0.00,9,0,7,548
stock,0.00,9,1,9,4
stock,0.00,9,2,8,516
stock,0.00,9,3,7,548
stock,0.00,10,0,7,548
stock,0.00,10,1,6,804
stock,0.00,10,2,6,676
stock,0.00,10,3,8,516
stock,0.25,0,0,10,0
stock,0.25,0,1,10,0
stock,0.25,0,2,8,72
stock,0.25,0,3,9,64
stock,0.25,1,0,10,0
stock,0.25,1,1,9,32
stock,0.25,1,2,9,8
stock,0.25,1,3,7,584
stock,0.25,2,0,7,672
stock,0.25,2,1,8,544
stock,0.25,2,2,10,0
stock,0.25,2,3,9,512
stock,0.25,3,0,10,0
stock,0.25,3,1,7,608
stock,0.25,3,2,8,544
stock,0.25,3,3,9,32
stock,0.25,4,0,8,544
stock,0.25,4,1,7,548
stock,0.25,4,2,8,544
stock,0.25,4,3,8,544
stock,0.25,5,0,6,676
stock,0.25,5,1,7,672
stock,0.25,5,2,8,260
stock,0.25,5,3,8,544
stock,0.25,6,0,8,544
stock,0.25,6,1,6,804
stock,0.25,6,2,7,548
stock,0.25,6,3,8,544
stock,0.25,7,0,7,548
stock,0.25,7,1,7,548
stock,0.25,7,2,7,548
stock,0.25,7,3,7,548
stock,0.25,8,0,7,548
stock,0.25,8,1,6,676
stock,0.25,8,2,7,548
stock,0.25,8,3,7,548
stock,0.25,9,0,7,548
stock,0.25,9,1,7,548
stock,0.25,9,2,8,132
stock,0.25,9,3,8,516
stock,0.25,10,0,7,548
stock,0.25,10,1,7,548
stock,0.25,10,2,6,166
stock,0.25,10,3,7,548
stock,0.50,0,0,9,2
stock,0.50,0,1,10,0
stock,0.50,0,2,6,330
stock,0.50,0,3,9,64
stock,0.50,1,0,8,72
stock,0.50,1,1,9,256
stock,0.50,1,2,10,0
stock,0.50,1,3,10,0
stock,0.50,2,0,7,74
stock,0.50,2,1,10,0
stock,0.50,2,2,10,0
stock,0.50,2,3,8,576
stock,0.50,3,0,10,0
stock,0.50,3,1,4,622
stock,0.50,3,2,9,8
stock,0.50,3,3,9,64
stock,0.50,4,0,8,544
stock,0.50,4,1,6,420
stock,0.50,4,2,7,224
stock,0.50,4,3,8,544
stock,0.50,5,0,8,544
stock,0.50,5,1,8,544
stock,0.50,5,2,8,544
stock,0.50,5,3,8,96
stock,0.50,6,0,8,544
stock,0.50,6,1,8,544
stock,0.50,6,2,8,544
stock,0.50,6,3,8,544
stock,0.50,7,0,7,548
stock,0.50,7,1,9,64
stock,0.50,7,2,8,544
stock,0.50,7,3,7,548
stock,0.50,8,0,6,420
stock,0.50,8,1,8,544
stock,0.50,8,2,7,548
stock,0.50,8,3,8,544
stock,0.50,9,0,7,548
stock,0.50,9,1,7,548
stock,0.50,9,2,7,164
stock,0.50,9,3,7,644
stock,0.50,10,0,7,548
stock,0.50,10,1,4,940
stock,0.50,10,2,7,548
stock,0.50,10,3,6,804
stock,0.75,0,0,9,64
stock,0.75,0,1,7,328
stock,0.75,0,2,10,0
stock,0.75,0,3,8,66
stock,0.75,1,0,9,64
stock,0.75,1,1,8,264
stock,0.75,1,2,10,0
stock,0.75,1,3,10,0
stock,0.75,2,0,6,712
stock,0.75,2,1,10,0
stock,0.75,2,2,10,0
stock,0.75,2,3,4,1000
stock,0.75,3,0,7,584
stock,0.75,3,1,9,64
stock,0.75,3,2,10,0
stock,0.75,3,3,9,512
stock,0.75,4,0,10,0
stock,0.75,4,1,10,0
stock,0.75,4,2,10,0
stock,0.75,4,3,10,0
stock,0.75,5,0,8,544
stock,0.75,5,1,9,512
stock,0.75,5,2,9,256
stock,0.75,5,3,10,0
stock,0.75,6,0,6,108
stock,0.75,6,1,5,868
stock,0.75,6,2,9,32
stock,0.75,6,3,10,0
stock,0.75,7,0,7,672
stock,0.75,7,1,7,548
stock,0.75,7,2,8,544
stock,0.75,7,3,8,544
stock,0.75,8,0,7,548
stock,0.75,8,1,8,544
stock,0.75,8,2,8,544
stock,0.75,8,3,6,780
stock,0.75,9,0,7,672
stock,0.75,9,1,8,544
stock,0.75,9,2,7,548
stock,0.75,9,3,5,620
stock,0.75,10,0,6,676
stock,0.75,10,1,4,940
stock,0.75,10,2,8,516
stock,0.75,10,3,8,36
stock,1.00,0,0,10,0
stock,1.00,0,1,8,66
stock,1.00,0,2,10,0
stock,1.00,0,3,9,8
stock,1.00,1,0,9,2
stock,1.00,1,1,7,74
stock,1.00,1,2,8,258
stock,1.00,1,3,9,64
stock,1.00,2,0,7,548
stock,1.00,2,1,9,512
stock,1.00,2,2,8,66
stock,1.00,2,3,5,714
stock,1.00,3,0,9,64
stock,1.00,3,1,10,0
stock,1.00,3,2,10,0
stock,1.00,3,3,10,0
stock,1.00,4,0,10,0
stock,1.00,4,1,9,256
stock,1.00,4,2,9,64
stock,1.00,4,3,10,0
stock,1.00,5,0,8,320
stock,1.00,5,1,10,0
stock,1.00,5,2,9,8
stock,1.00,5,3,7,548
stock,1.00,6,0,7,584
stock,1.00,6,1,6,616
stock,1.00,6,2,8,320
stock,1.00,6,3,9,64
stock,1.00,7,0,7,552
stock,1.00,7,1,10,0
stock,1.00,7,2,9,64
stock,1.00,7,3,8,36
stock,1.00,8,0,8,68
stock,1.00,8,1,10,0
stock,1.00,8,2,8,544
stock,1.00,8,3,8,544
stock,1.00,9,0,7,76
stock,1.00,9,1,8,544
stock,1.00,9,2,7,548
stock,1.00,9,3,9,4
stock,1.00,10,0,8,544
stock,1.00,10,1,8,516
stock,1.00,10,2,8,544
stock,1.00,10,3,5,620
stock,1.25,0,0,9,8
stock,1.25,0,1,9,256
stock,1.25,0,2,9,2
stock,1.25,0,3,8,72
stock,1.25,1,0,8,192
stock,1.25,1,1,9,256
stock,1.25,1,2,10,0
stock,1.25,1,3,10,0
stock,1.25,2,0,10,0
stock,1.25,2,1,9,64
stock,1.25,2,2,9,2
stock,1.25,2,3,8,10
stock,1.25,3,0,10,0
stock,1.25,3,1,9,256
stock,1.25,3,2,8,320
stock,1.25,3,3,8,72
stock,1.25,4,0,9,64
stock,1.25,4,1,7,74
stock,1.25,4,2,10,0
stock,1.25,4,3,10,0
stock,1.25,5,0,9,8
stock,1.25,5,1,10,0
stock,1.25,5,2,10,0
stock,1.25,5,3,10,0
stock,1.25,6,0,8,72
stock,1.25,6,1,10,0
stock,1.25,6,2,10,0
stock,1.25,6,3,8,640
stock,1.25,7,0,9,32
stock,1.25,7,1,6,804
stock,1.25,7,2,10,0
stock,1.25,7,3,9,64
stock,1.25,8,0,9,32
stock,1.25,8,1,7,608
stock,1.25,8,2,9,64
stock,1.25,8,3,10,0
stock,1.25,9,0,8,320
stock,1.25,9,1,8,544
stock,1.25,9,2,6,332
stock,1.25,9,3,10,0
stock,1.25,10,0,8,544
stock,1.25,10,1,7,524
stock,1.25,10,2,7,548
stock,1.25,10,3,8,544
stock,1.50,0,0,9,8
stock,1.50,0,1,10,0
stock,1.50,0,2,9,8
stock,1.50,0,3,9,8
stock,1.50,1,0,8,66
stock,1.50,1,1,10,0
stock,1.50,1,2,9,64
stock,1.50,1,3,9,64
stock,1.50,2,0,8,192
stock,1.50,2,1,10,0
stock,1.50,2,2,9,64
stock,1.50,2,3,9,128
stock,1.50,3,0,8,192
stock,1.50,3,1,10,0
stock,1.50,3,2,8,320
stock,1.50,3,3,7,584
stock,1.50,4,0,8,192
stock,1.50,4,1,10,0
stock,1.50,4,2,9,128
stock,1.50,4,3,8,136
stock,1.50,5,0,10,0
stock,1.50,5,1,8,136
stock,1.50,5,2,9,64
stock,1.50,5,3,10,0
stock,1.50,6,0,7,200
stock,1.50,6,1,10,0
stock,1.50,6,2,10,0
stock,1.50,6,3,10,0
stock,1.50,7,0,10,0
stock,1.50,7,1,10,0
stock,1.50,7,2,9,64
stock,1.50,7,3,8,192
stock,1.50,8,0,10,0
stock,1.50,8,1,7,194
stock,1.50,8,2,10,0
stock,1.50,8,3,10,0
stock,1.50,9,0,9,256
stock,1.50,9,1,5,234
stock,1.50,9,2,8,72
stock,1.50,9,3,9,512
stock,1.50,10,0,7,772
stock,1.50,10,1,8,520
stock,1.50,10,2,4,622
stock,1.50,10,3,8,544
stock,1.75,0,0,10,0
stock,1.75,0,1,9,64
stock,1.75,0,2,9,64
stock,1.75,0,3,9,256
stock,1.75,1,0,8,72
stock,1.75,1,1,9,8
stock,1.75,1,2,10,0
stock,1.75,1,3,6,680
stock,1.75,2,0,10,0
stock,1.75,2,1,8,384
stock,1.75,2,2,10,0
stock,1.75,2,3,10,0
stock,1.75,3,0,10,0
stock,1.75,3,1,9,64
stock,1.75,3,2,10,0
stock,1.75,3,3,9,64
stock,1.75,4,0,9,64
stock,1.75,4,1,9,512
stock,1.75,4,2,10,0
stock,1.75,4,3,9,256
stock,1.75,5,0,10,0
stock,1.75,5,1,7,200
stock,1.75,5,2,10,0
stock,1.75,5,3,10,0
stock,1.75,6,0,8,192
stock,1.75,6,1,10,0
stock,1.75,6,2,6,928
stock,1.75,6,3,10,0
stock,1.75,7,0,7,704
stock,1.75,7,1,10,0
stock,1.75,7,2,10,0
stock,1.75,7,3,10,0
stock,1.75,8,0,8,544
stock,1.75,8,1,10,0
stock,1.75,8,2,8,72
stock,1.75,8,3,10,0
stock,1.75,9,0,10,0
stock,1.75,9,1,10,0
stock,1.75,9,2,8,544
stock,1.75,9,3,10,0
stock,1.75,10,0,10,0
stock,1.75,10,1,8,544
stock,1.75,10,2,7,560
stock,1.75,10,3,10,0
stock,2.00,0,0,8,192
stock,2.00,0,1,10,0
stock,2.00,0,2,9,128
stock,2.00,0,3,8,320
stock,2.00,1,0,10,0
stock,2.00,1,1,10,0
stock,2.00,1,2,9,64
stock,2.00,1,3,8,72
stock,2.00,2,0,9,256
stock,2.00,2,1,9,128
stock,2.00,2,2,10,0
stock,2.00,2,3,10,0
stock,2.00,3,0,10,0
stock,2.00,3,1,10,0
stock,2.00,3,2,9,128
stock,2.00,3,3,8,264
stock,2.00,4,0,10,0
stock,2.00,4,1,7,200
stock,2.00,4,2,8,72
stock,2.00,4,3,10,0
stock,2.00,5,0,10,0
stock,2.00,5,1,7,704
stock,2.00,5,2,9,128
stock,2.00,5,3,9,64
stock,2.00,6,0,9,64
stock,2.00,6,1,7,832
stock,2.00,6,2,10,0
stock,2.00,6,3,10,0
stock,2.00,7,0,9,128
stock,2.00,7,1,9,16
stock,2.00,7,2,10,0
stock,2.00,7,3,10,0
stock,2.00,8,0,8,192
stock,2.00,8,1,10,0
stock,2.00,8,2,9,32
stock,2.00,8,3,9,128
stock,2.00,9,0,9,64
stock,2.00,9,1,10,0
stock,2.00,9,2,9,256
stock,2.00,9,3,10,0
stock,2.00,10,0,8,192
stock,2.00,10,1,8,72
stock,2.00,10,2,9,256
stock,2.00,10,3,10,0
stock,2.25,0,0,10,0
stock,2.25,0,1,9,512
stock,2.25,0,2,9,128
stock,2.25,0,3,9,512
stock,2.25,1,0,8,72
stock,2.25,1,1,10,0
stock,2.25,1,2,10,0
stock,2.25,1,3,8,576
stock,2.25,2,0,10,0
stock,2.25,2,1,10,0
stock,2.25,2,2,9,512
stock,2.25,2,3,9,512
stock,2.25,3,0,8,576
stock,2.25,3,1,9,128
stock,2.25,3,2,9,128
stock,2.25,3,3,10,0
stock,2.25,4,0,9,512
stock,2.25,4,1,8,640
stock,2.25,4,2,9,128
stock,2.25,4,3,10,0
stock,2.25,5,0,9,256
stock,2.25,5,1,9,128
stock,2.25,5,2,9,64
stock,2.25,5,3,8,576
stock,2.25,6,0,10,0
stock,2.25,6,1,7,400
stock,2.25,6,2,9,128
stock,2.25,6,3,9,128
stock,2.25,7,0,9,128
stock,2.25,7,1,10,0
stock,2.25,7,2,10,0
stock,2.25,7,3,10,0
stock,2.25,8,0,9,128
stock,2.25,8,1,9,128
stock,2.25,8,2,7,584
stock,2.25,8,3,9,128
stock,2.25,9,0,10,0
stock,2.25,9,1,9,128
stock,2.25,9,2,10,0
stock,2.25,9,3,10,0
stock,2.25,10,0,9,128
stock,2.25,10,1,10,0
stock,2.25,10,2,9,512
stock,2.25,10,3,9,256
stock,2.50,0,0,9,512
stock,2.50,0,1,4,756
stock,2.50,0,2,10,0
stock,2.50,0,3,7,548
stock,2.50,1,0,8,36
stock,2.50,1,1,9,512
stock,2.50,1,2,8,640
stock,2.50,1,3,10,0
stock,2.50,2,0,10,0
stock,2.50,2,1,10,0
stock,2.50,2,2,10,0
stock,2.50,2,3,9,32
stock,2.50,3,0,9,512
stock,2.50,3,1,9,128
stock,2.50,3,2,7,800
stock,2.50,3,3,10,0
stock,2.50,4,0,10,0
stock,2.50,4,1,9,256
stock,2.50,4,2,10,0
stock,2.50,4,3,10,0
stock,2.50,5,0,10,0
stock,2.50,5,1,10,0
stock,2.50,5,2,10,0
stock,2.50,5,3,8,544
stock,2.50,6,0,8,640
stock,2.50,6,1,9,512
stock,2.50,6,2,8,48
stock,2.50,6,3,8,384
stock,2.50,7,0,9,512
stock,2.50,7,1,8,544
stock,2.50,7,2,10,0
stock,2.50,7,3,9,512
stock,2.50,8,0,9,512
stock,2.50,8,1,8,192
stock,2.50,8,2,7,672
stock,2.50,8,3,10,0
stock,2.50,9,0,6,456
stock,2.50,9,1,9,256
stock,2.50,9,2,9,16
stock,2.50,9,3,6,456
stock,2.50,10,0,8,144
stock,2.50,10,1,6,616
stock,2.50,10,2,9,512
stock,2.50,10,3,10,0
stock,2.75,0,0,8,544
stock,2.75,0,1,8,544
stock,2.75,0,2,10,0
stock,2.75,0,3,9,512
stock,2.75,1,0,8,528
stock,2.75,1,1,10,0
stock,2.75,1,2,10,0
stock,2.75,1,3,9,128
stock,2.75,2,0,8,640
stock,2.75,2,1,8,640
stock,2.75,2,2,10,0
stock,2.75,2,3,9,512
stock,2.75,3,0,10,0
stock,2.75,3,1,8,544
stock,2.75,3,2,9,512
stock,2.75,3,3,9,256
stock,2.75,4,0,10,0
stock,2.75,4,1,10,0
stock,2.75,4,2,9,512
stock,2.75,4,3,8,640
stock,2.75,5,0,9,256
stock,2.75,5,1,9,512
stock,2.75,5,2,10,0
stock,2.75,5,3,10,0
stock,2.75,6,0,10,0
stock,2.75,6,1,9,512
stock,2.75,6,2,10,0
stock,2.75,6,3,10,0
stock,2.75,7,0,8,544
stock,2.75,7,1,8,640
stock,2.75,7,2,7,784
stock,2.75,7,3,10,0
stock,2.75,8,0,8,528
stock,2.75,8,1,9,512
stock,2.75,8,2,10,0
stock,2.75,8,3,9,512
stock,2.75,9,0,8,640
stock,2.75,9,1,10,0
stock,2.75,9,2,8,160
stock,2.75,9,3,8,640
stock,2.75,10,0,10,0
stock,2.75,10,1,8,384
stock,2.75,10,2,10,0
stock,2.75,10,3,10,0
stock,3.00,0,0,8,544
stock,3.00,0,1,10,0
stock,3.00,0,2,9,128
stock,3.00,0,3,9,128
stock,3.00,1,0,10,0
stock,3.00,1,1,9,512
stock,3.00,1,2,10,0
stock,3.00,1,3,9,512
stock,3.00,2,0,8,640
stock,3.00,2,1,9,128
stock,3.00,2,2,9,512
stock,3.00,2,3,9,128
stock,3.00,3,0,10,0
stock,3.00,3,1,9,128
stock,3.00,3,2,10,0
stock,3.00,3,3,9,128
stock,3.00,4,0,9,32
stock,3.00,4,1,9,512
stock,3.00,4,2,10,0
stock,3.00,4,3,8,544
stock,3.00,5,0,8,384
stock,3.00,5,1,8,544
stock,3.00,5,2,10,0
stock,3.00,5,3,10,0
stock,3.00,6,0,9,512
stock,3.00,6,1,10,0
stock,3.00,6,2,8,144
stock,3.00,6,3,8,144
stock,3.00,7,0,8,528
stock,3.00,7,1,10,0
stock,3.00,7,2,9,128
stock,3.00,7,3,9,512
stock,3.00,8,0,8,144
stock,3.00,8,1,9,512
stock,3.00,8,2,9,512
stock,3.00,8,3,9,128
stock,3.00,9,0,8,768
stock,3.00,9,1,10,0
stock,3.00,9,2,10,0
stock,3.00,9,3,8,272
stock,3.00,10,0,9,16
stock,3.00,10,1,9,512
stock,3.00,10,2,9,512
stock,3.00,10,3,9,512
stock,3.25,0,0,6,912
stock,3.25,0,1,9,32
stock,3.25,0,2,9,16
stock,3.25,0,3,10,0
stock,3.25,1,0,10,0
stock,3.25,1,1,10,0
stock,3.25,1,2,10,0
stock,3.25,1,3,9,512
stock,3.25,2,0,10,0
stock,3.25,2,1,10,0
stock,3.25,2,2,8,144
stock,3.25,2,3,10,0
stock,3.25,3,0,7,672
stock,3.25,3,1,9,512
stock,3.25,3,2,10,0
stock,3.25,3,3,8,144
stock,3.25,4,0,7,896
stock,3.25,4,1,8,144
stock,3.25,4,2,9,16
stock,3.25,4,3,8,144
stock,3.25,5,0,7,656
stock,3.25,5,1,10,0
stock,3.25,5,2,7,560
stock,3.25,5,3,9,128
stock,3.25,6,0,8,528
stock,3.25,6,1,10,0
stock,3.25,6,2,9,512
stock,3.25,6,3,7,656
stock,3.25,7,0,9,512
stock,3.25,7,1,9,128
stock,3.25,7,2,8,640
stock,3.25,7,3,8,144
stock,3.25,8,0,7,656
stock,3.25,8,1,7,896
stock,3.25,8,2,9,512
stock,3.25,8,3,9,128
stock,3.25,9,0,7,656
stock,3.25,9,1,8,528
stock,3.25,9,2,9,32
stock,3.25,9,3,10,0
stock,3.25,10,0,10,0
stock,3.25,10,1,8,640
stock,3.25,10,2,9,512
stock,3.25,10,3,7,560
stock,3.50,0,0,4,948
stock,3.50,0,1,9,512
stock,3.50,0,2,9,512
stock,3.50,0,3,10,0
stock,3.50,1,0,8,544
stock,3.50,1,1,10,0
stock,3.50,1,2,9,512
stock,3.50,1,3,9,16
stock,3.50,2,0,9,128
stock,3.50,2,1,10,0
stock,3.50,2,2,8,528
stock,3.50,2,3,9,512
stock,3.50,3,0,7,672
stock,3.50,3,1,8,288
stock,3.50,3,2,9,128
stock,3.50,3,3,7,560
stock,3.50,4,0,6,688
stock,3.50,4,1,9,512
stock,3.50,4,2,10,0
stock,3.50,4,3,8,144
stock,3.50,5,0,8,528
stock,3.50,5,1,8,528
stock,3.50,5,2,9,16
stock,3.50,5,3,7,672
stock,3.50,6,0,8,640
stock,3.50,6,1,9,128
stock,3.50,6,2,10,0
stock,3.50,6,3,10,0
stock,3.50,7,0,9,128
stock,3.50,7,1,10,0
stock,3.50,7,2,10,0
stock,3.50,7,3,8,144
stock,3.50,8,0,9,128
stock,3.50,8,1,9,128
stock,3.50,8,2,10,0
stock,3.50,8,3,9,256
stock,3.50,9,0,8,528
stock,3.50,9,1,9,512
stock,3.50,9,2,8,272
stock,3.50,9,3,7,560
stock,3.50,10,0,8,640
stock,3.50,10,1,10,0
stock,3.50,10,2,10,0
stock,3.50,10,3,9,256
stock,3.75,0,0,9,512
stock,3.75,0,1,8,544
stock,3.75,0,2,5,820
stock,3.75,0,3,9,512
stock,3.75,1,0,7,672
stock,3.75,1,1,8,768
stock,3.75,1,2,9,16
stock,3.75,1,3,10,0
stock,3.75,2,0,6,688
stock,3.75,2,1,9,128
stock,3.75,2,2,8,144
stock,3.75,2,3,8,544
stock,3.75,3,0,10,0
stock,3.75,3,1,9,128
stock,3.75,3,2,9,32
stock,3.75,3,3,9,512
stock,3.75,4,0,7,672
stock,3.75,4,1,10,0
stock,3.75,4,2,10,0
stock,3.75,4,3,8,640
stock,3.75,5,0,8,144
stock,3.75,5,1,7,672
stock,3.75,5,2,8,528
stock,3.75,5,3,9,128
stock,3.75,6,0,7,672
stock,3.75,6,1,10,0
stock,3.75,6,2,9,512
stock,3.75,6,3,7,560
stock,3.75,7,0,8,144
stock,3.75,7,1,7,656
stock,3.75,7,2,8,528
stock,3.75,7,3,9,128
stock,3.75,8,0,8,384
stock,3.75,8,1,10,0
stock,3.75,8,2,8,640
stock,3.75,8,3,10,0
stock,3.75,9,0,10,0
stock,3.75,9,1,7,656
stock,3.75,9,2,10,0
stock,3.75,9,3,8,144
stock,3.75,10,0,9,512
stock,3.75,10,1,9,16
stock,3.75,10,2,8,528
stock,3.75,10,3,10,0
stock,4.00,0,0,9,16
stock,4.00,0,1,8,544
stock,4.00,0,2,8,544
stock,4.00,0,3,9,256
stock,4.00,1,0,10,0
stock,4.00,1,1,8,160
stock,4.00,1,2,10,0
stock,4.00,1,3,5,944
stock,4.00,2,0,9,64
stock,4.00,2,1,7,656
stock,4.00,2,2,9,512
stock,4.00,2,3,10,0
stock,4.00,3,0,9,512
stock,4.00,3,1,8,640
stock,4.00,3,2,10,0
stock,4.00,3,3,9,128
stock,4.00,4,0,9,32
stock,4.00,4,1,7,672
stock,4.00,4,2,8,160
stock,4.00,4,3,8,544
stock,4.00,5,0,9,512
stock,4.00,5,1,10,0
stock,4.00,5,2,9,128
stock,4.00,5,3,8,544
stock,4.00,6,0,9,128
stock,4.00,6,1,9,512
stock,4.00,6,2,8,640
stock,4.00,6,3,7,672
stock,4.00,7,0,10,0
stock,4.00,7,1,10,0
stock,4.00,7,2,9,32
stock,4.00,7,3,8,640
stock,4.00,8,0,8,272
stock,4.00,8,1,9,16
stock,4.00,8,2,10,0
stock,4.00,8,3,8,48
stock,4.00,9,0,8,528
stock,4.00,9,1,10,0
stock,4.00,9,2,8,544
stock,4.00,9,3,9,512
stock,4.00,10,0,8,144
stock,4.00,10,1,10,0
stock,4.00,10,2,9,16
stock,4.00,10,3,10,0
stock,4.25,0,0,9,32
stock,4.25,0,1,9,16
stock,4.25,0,2,8,144
stock,4.25,0,3,10,0
stock,4.25,1,0,9,512
stock,4.25,1,1,7,672
stock,4.25,1,2,9,128
stock,4.25,1,3,9,512
stock,4.25,2,0,9,16
stock,4.25,2,1,9,32
stock,4.25,2,2,10,0
stock,4.25,2,3,10,0
stock,4.25,3,0,8,640
stock,4.25,3,1,9,512
stock,4.25,3,2,10,0
stock,4.25,3,3,9,16
stock,4.25,4,0,9,128
stock,4.25,4,1,9,512
stock,4.25,4,2,9,512
stock,4.25,4,3,9,16
stock,4.25,5,0,9,128
stock,4.25,5,1,10,0
stock,4.25,5,2,10,0
stock,4.25,5,3,8,544
stock,4.25,6,0,10,0
stock,4.25,6,1,8,144
stock,4.25,6,2,8,544
stock,4.25,6,3,9,128
stock,4.25,7,0,10,0
stock,4.25,7,1,8,144
stock,4.25,7,2,10,0
stock,4.25,7,3,10,0
stock,4.25,8,0,9,32
stock,4.25,8,1,7,176
stock,4.25,8,2,10,0
stock,4.25,8,3,8,144
stock,4.25,9,0,9,128
stock,4.25,9,1,9,512
stock,4.25,9,2,8,144
stock,4.25,9,3,10,0
stock,4.25,10,0,9,16
stock,4.25,10,1,10,0
stock,4.25,10,2,7,672
stock,4.25,10,3,9,128
stock,4.50,0,0,9,512
stock,4.50,0,1,10,0
stock,4.50,0,2,10,0
stock,4.50,0,3,10,0
stock,4.50,1,0,9,32
stock,4.50,1,1,8,544
stock,4.50,1,2,9,32
stock,4.50,1,3,9,16
stock,4.50,2,0,9,32
stock,4.50,2,1,8,544
stock,4.50,2,2,10,0
stock,4.50,2,3,6,688
stock,4.50,3,0,7,560
stock,4.50,3,1,8,544
stock,4.50,3,2,10,0
stock,4.50,3,3,9,512
stock,4.50,4,0,8,544
stock,4.50,4,1,9,128
stock,4.50,4,2,7,800
stock,4.50,4,3,10,0
stock,4.50,5,0,9,16
stock,4.50,5,1,8,544
stock,4.50,5,2,6,688
stock,4.50,5,3,7,560
stock,4.50,6,0,8,544
stock,4.50,6,1,9,128
stock,4.50,6,2,8,544
stock,4.50,6,3,6,688
stock,4.50,7,0,7,200
stock,4.50,7,1,9,512
stock,4.50,7,2,9,512
stock,4.50,7,3,9,32
stock,4.50,8,0,8,544
stock,4.50,8,1,9,512
stock,4.50,8,2,8,544
stock,4.50,8,3,9,512
stock,4.50,9,0,8,576
stock,4.50,9,1,9,512
stock,4.50,9,2,8,640
stock,4.50,9,3,10,0
stock,4.50,10,0,9,512
stock,4.50,10,1,10,0
stock,4.50,10,2,7,176
stock,4.50,10,3,8,544
stock,4.75,0,0,9,32
stock,4.75,0,1,10,0
stock,4.75,0,2,10,0
stock,4.75,0,3,10,0
stock,4.75,1,0,9,16
stock,4.75,1,1,9,32
stock,4.75,1,2,9,128
stock,4.75,1,3,7,672
stock,4.75,2,0,10,0
stock,4.75,2,1,10,0
stock,4.75,2,2,8,544
stock,4.75,2,3,10,0
stock,4.75,3,0,7,656
stock,4.75,3,1,7,560
stock,4.75,3,2,8,544
stock,4.75,3,3,10,0
stock,4.75,4,0,7,672
stock,4.75,4,1,7,672
stock,4.75,4,2,8,544
stock,4.75,4,3,9,32
stock,4.75,5,0,8,544
stock,4.75,5,1,10,0
stock,4.75,5,2,8,544
stock,4.75,5,3,8,544
stock,4.75,6,0,10,0
stock,4.75,6,1,8,544
stock,4.75,6,2,8,544
stock,4.75,6,3,7,800
stock,4.75,7,0,10,0
stock,4.75,7,1,10,0
stock,4.75,7,2,10,0
stock,4.75,7,3,9,512
stock,4.75,8,0,10,0
stock,4.75,8,1,9,32
stock,4.75,8,2,8,48
stock,4.75,8,3,7,672
stock,4.75,9,0,8,544
stock,4.75,9,1,10,0
stock,4.75,9,2,10,0
stock,4.75,9,3,8,544
stock,4.75,10,0,8,640
stock,4.75,10,1,8,544
stock,4.75,10,2,9,512
stock,4.75,10,3,7,560
stock,5.00,0,0,10,0
stock,5.00,0,1,7,672
stock,5.00,0,2,8,544
stock,5.00,0,3,8,144
stock,5.00,1,0,9,512
stock,5.00,1,1,10,0
stock,5.00,1,2,6,688
stock,5.00,1,3,8,528
stock,5.00,2,0,8,544
stock,5.00,2,1,8,528
stock,5.00,2,2,7,672
stock,5.00,2,3,8,544
stock,5.00,3,0,10,0
stock,5.00,3,1,8,544
stock,5.00,3,2,8,544
stock,5.00,3,3,9,512
stock,5.00,4,0,8,544
stock,5.00,4,1,8,520
stock,5.00,4,2,5,752
stock,5.00,4,3,9,16
stock,5.00,5,0,8,544
stock,5.00,5,1,6,736
stock,5.00,5,2,7,208
stock,5.00,5,3,10,0
stock,5.00,6,0,8,544
stock,5.00,6,1,8,544
stock,5.00,6,2,10,0
stock,5.00,6,3,9,512
stock,5.00,7,0,8,544
stock,5.00,7,1,10,0
stock,5.00,7,2,7,672
stock,5.00,7,3,10,0
stock,5.00,8,0,8,544
stock,5.00,8,1,7,672
stock,5.00,8,2,8,544
stock,5.00,8,3,8,544
stock,5.00,9,0,8,544
stock,5.00,9,1,9,32
stock,5.00,9,2,8,544
stock,5.00,9,3,10,0
stock,5.00,10,0,9,32
stock,5.00,10,1,8,544
stock,5.00,10,2,9,32
stock,5.00,10,3,7,656
stock,5.25,0,0,9,32
stock,5.25,0,1,7,608
stock,5.25,0,2,9,16
stock,5.25,0,3,10,0
stock,5.25,1,0,10,0
stock,5.25,1,1,7,672
stock,5.25,1,2,8,160
stock,5.25,1,3,8,544
stock,5.25,2,0,8,544
stock,5.25,2,1,7,560
stock,5.25,2,2,5,618
stock,5.25,2,3,10,0
stock,5.25,3,0,9,16
stock,5.25,3,1,8,544
stock,5.25,3,2,8,544
stock,5.25,3,3,8,528
stock,5.25,4,0,10,0
stock,5.25,4,1,9,128
stock,5.25,4,2,9,512
stock,5.25,4,3,8,544
stock,5.25,5,0,8,528
stock,5.25,5,1,9,512
stock,5.25,5,2,10,0
stock,5.25,5,3,9,16
stock,5.25,6,0,10,0
stock,5.25,6,1,9,64
stock,5.25,6,2,9,16
stock,5.25,6,3,7,672
stock,5.25,7,0,7,672
stock,5.25,7,1,8,640
stock,5.25,7,2,10,0
stock,5.25,7,3,7,560
stock,5.25,8,0,8,96
stock,5.25,8,1,10,0
stock,5.25,8,2,8,544
stock,5.25,8,3,10,0
stock,5.25,9,0,7,672
stock,5.25,9,1,10,0
stock,5.25,9,2,8,272
stock,5.25,9,3,6,688
stock,5.25,10,0,8,544
stock,5.25,10,1,8,544
stock,5.25,10,2,8,144
stock,5.25,10,3,10,0
stock,5.50,0,0,9,64
stock,5.50,0,1,9,512
stock,5.50,0,2,9,64
stock,5.50,0,3,7,584
stock,5.50,1,0,8,544
stock,5.50,1,1,7,672
stock,5.50,1,2,7,672
stock,5.50,1,3,9,16
stock,5.50,2,0,4,634
stock,5.50,2,1,9,128
stock,5.50,2,2,8,528
stock,5.50,2,3,7,560
stock,5.50,3,0,9,128
stock,5.50,3,1,10,0
stock,5.50,3,2,7,26
stock,5.50,3,3,10,0
stock,5.50,4,0,9,16
stock,5.50,4,1,7,608
stock,5.50,4,2,6,712
stock,5.50,4,3,8,576
stock,5.50,5,0,7,552
stock,5.50,5,1,8,192
stock,5.50,5,2,7,672
stock,5.50,5,3,9,16
stock,5.50,6,0,8,80
stock,5.50,6,1,7,26
stock,5.50,6,2,10,0
stock,5.50,6,3,10,0
stock,5.50,7,0,10,0
stock,5.50,7,1,8,640
stock,5.50,7,2,9,512
stock,5.50,7,3,9,32
stock,5.50,8,0,10,0
stock,5.50,8,1,8,130
stock,5.50,8,2,7,546
stock,5.50,8,3,9,16
stock,5.50,9,0,10,0
stock,5.50,9,1,7,522
stock,5.50,9,2,9,128
stock,5.50,9,3,9,128
stock,5.50,10,0,8,544
stock,5.50,10,1,10,0
stock,5.50,10,2,6,554
stock,5.50,10,3,9,32
